{
  "Animal": {
    "A": ["Antelope", "Albatross", "Alligator"],
    "B": ["Bear", "Bat", "Buffalo"],
    "C": ["Cat", "Camel", "Cougar"],
    "D": ["Dog", "Deer", "Duck"],
    "E": ["Elephant", "Eagle", "Emu"],
    "F": ["Fox", "Frog", "Falcon"],
    "G": ["Giraffe", "Goat", "Goose"],
    "H": ["Horse", "Hyena", "Hawk"],
    "I": ["Iguana", "Impala", "Ibex"],
    "J": ["Jaguar", "Jellyfish", "Jackal"],
    "K": ["Kangaroo", "Koala", "Kiwi"],
    "L": ["Lion", "Lemur", "Lynx"],
    "M": ["Monkey", "Moose", "Mole"],
    "N": ["Newt", "Narwhal", "Nightingale"],
    "O": ["Ostrich", "Otter", "Ocelot"],
    "P": ["Penguin", "Panther", "Parrot"],
    "Q": ["Quail", "Quokka", "Quetzal"],
    "R": ["Rabbit", "Raccoon", "Rat"],
    "S": ["Sheep", "Swan", "Snake"],
    "T": ["Tiger", "Turtle", "Toucan"],
    "U": ["Urial", "Umbrellabird", "Uakari"],
    "V": ["Vulture", "Viper", "Vicuna"],
    "W": ["Wolf", "Whale", "Walrus"],
    "X": ["Xerus", "Xantus", "Xoloitzcuintli"],
    "Y": ["Yak", "Yellowfin", "Yabby"],
    "Z": ["Zebra", "Zebu", "Zorilla"]
  },
  "Country": {
    "A": ["Argentina", "Australia", "Austria"],
    "B": ["Brazil", "Belgium", "Bulgaria"],
    "C": ["Canada", "Chile", "China"],
    "D": ["Denmark", "Dominica", "Djibouti"],
    "E": ["Egypt", "Ecuador", "Estonia"],
    "F": ["France", "Finland", "Fiji"],
    "G": ["Germany", "Greece", "Gabon"],
    "H": ["Hungary", "Honduras", "Haiti"],
    "I": ["India", "Italy", "Iceland"],
    "J": ["Japan", "Jordan", "Jamaica"],
    "K": ["Kenya", "Kuwait", "Kazakhstan"],
    "L": ["Laos", "Latvia", "Lithuania"],
    "M": ["Mexico", "Morocco", "Malaysia"],
    "N": ["Norway", "Nepal", "Nigeria"],
    "O": ["Oman", "Ouganda", "Autriche"],
    "P": ["Portugal", "Poland", "Peru"],
    "Q": ["Qatar", "Quebec (Province)", "Quirguizistan"],
    "R": ["Romania", "Russia", "Rwanda"],
    "S": ["Spain", "Sweden", "Switzerland"],
    "T": ["Thailand", "Turkey", "Tunisia"],
    "U": ["Uganda", "Ukraine", "Uruguay"],
    "V": ["Venezuela", "Vietnam", "Vatican"],
    "W": ["Wales", "Western Sahara", "Wallis-et-Futuna"],
    "X": ["Xina (Chine, rare)", "Xlandia (fictif)", "Xaviera (fictif)"],
    "Y": ["Yemen", "Yugoslavia (ancien)", "Yémen"],
    "Z": ["Zambia", "Zimbabwe", "Zaïre (ancien)"]
  },
  "City": {
    "A": ["Amsterdam", "Athens", "Austin"],
    "B": ["Berlin", "Brussels", "Bangkok"],
    "C": ["Cairo", "Chicago", "Copenhagen"],
    "D": ["Dubai", "Dublin", "Dallas"],
    "E": ["Edinburgh", "Essen", "Esfahan"],
    "F": ["Florence", "Frankfurt", "Fukuoka"],
    "G": ["Geneva", "Glasgow", "Guangzhou"],
    "H": ["Helsinki", "Hamburg", "Hanoi"],
    "I": ["Istanbul", "Izmir", "Innsbruck"],
    "J": ["Jakarta", "Jerusalem", "Johannesburg"],
    "K": ["Kyoto", "Kiev", "Karachi"],
    "L": ["London", "Lisbon", "Los Angeles"],
    "M": ["Madrid", "Moscow", "Montreal"],
    "N": ["New York", "Nairobi", "Naples"],
    "O": ["Oslo", "Ottawa", "Orlando"],
    "P": ["Paris", "Prague", "Perth"],
    "Q": ["Quebec", "Quito", "Quanzhou"],
    "R": ["Rome", "Riyadh", "Rotterdam"],
    "S": ["Stockholm", "Sydney", "Seoul"],
    "T": ["Tokyo", "Toronto", "Tallinn"],
    "U": ["Utrecht", "Ulaanbaatar", "Uppsala"],
    "V": ["Venice", "Valencia", "Vancouver"],
    "W": ["Warsaw", "Washington", "Wellington"],
    "X": ["Xi'an", "Xiamen", "Xuzhou"],
    "Y": ["Yokohama", "Yaoundé", "Yangon"],
    "Z": ["Zurich", "Zagreb", "Zanzibar"]
  },
  "GirlName": {
    "A": ["Alice", "Amelia", "Audrey"],
    "B": ["Bella", "Bianca", "Brooke"],
    "C": ["Chloe", "Charlotte", "Claire"],
    "D": ["Daisy", "Diana", "Delphine"],
    "E": ["Emma", "Eliza", "Eva"],
    "F": ["Freya", "Flora", "Fiona"],
    "G": ["Grace", "Gabriela", "Georgia"],
    "H": ["Hannah", "Helena", "Hazel"],
    "I": ["Isabelle", "Iris", "Imogen"],
    "J": ["Jasmine", "Julia", "Jade"],
    "K": ["Kate", "Kiera", "Kimberly"],
    "L": ["Lily", "Layla", "Louise"],
    "M": ["Mia", "Maya", "Madison"],
    "N": ["Nora", "Naomi", "Nicole"],
    "O": ["Olivia", "Ophelia", "Olive"],
    "P": ["Paige", "Penelope", "Piper"],
    "Q": ["Quinn", "Quiterie", "Queenie"],
    "R": ["Ruby", "Rose", "Riley"],
    "S": ["Sophia", "Scarlett", "Stella"],
    "T": ["Tessa", "Thea", "Tara"],
    "U": ["Ursula", "Una", "Umayma"],
    "V": ["Victoria", "Valerie", "Violet"],
    "W": ["Willow", "Willa", "Winnie"],
    "X": ["Xena", "Xia", "Xyla"],
    "Y": ["Yvette", "Yara", "Yasmine"],
    "Z": ["Zoe", "Zara", "Zelda"]
  },
  "BoyName": {
    "A": ["Adam", "Aaron", "Alex"],
    "B": ["Ben", "Brandon", "Brian"],
    "C": ["Caleb", "Chris", "Connor"],
    "D": ["Daniel", "David", "Dylan"],
    "E": ["Ethan", "Elias", "Evan"],
    "F": ["Felix", "Finn", "Frank"],
    "G": ["George", "Gabriel", "Grant"],
    "H": ["Harry", "Henry", "Hugh"],
    "I": ["Isaac", "Ian", "Iker"],
    "J": ["Jack", "James", "Jacob"],
    "K": ["Kyle", "Kevin", "Kai"],
    "L": ["Liam", "Leo", "Lucas"],
    "M": ["Max", "Matthew", "Mason"],
    "N": ["Noah", "Nathan", "Nicholas"],
    "O": ["Owen", "Oscar", "Oliver"],
    "P": ["Paul", "Peter", "Patrick"],
    "Q": ["Quentin", "Quincy", "Quade"],
    "R": ["Ryan", "Robert", "Rhys"],
    "S": ["Sam", "Sebastian", "Simon"],
    "T": ["Thomas", "Theo", "Tyler"],
    "U": ["Ulysse", "Umar", "Uriah"],
    "V": ["Victor", "Vincent", "Vance"],
    "W": ["William", "Wyatt", "Wesley"],
    "X": ["Xavier", "Xander", "Xylon"],
    "Y": ["Yusuf", "Yannick", "Yago"],
    "Z": ["Zachary", "Zane", "Zack"]
  },
  "Fruit": {
    "A": ["Apple", "Apricot", "Avocado"],
    "B": ["Banana", "Blueberry", "Blackberry"],
    "C": ["Cherry", "Coconut", "Cranberry"],
    "D": ["Date", "Durian", "Dragon fruit"],
    "E": ["Elderberry", "Emblic", "Eggplant (Botanical)"],
    "F": ["Fig", "Feijoa", "Fraise (Strawberry)"],
    "G": ["Grape", "Guava", "Grapefruit"],
    "H": ["Honeydew", "Horned melon", "Hackberry"],
    "I": ["Imbe", "Ice Cream Bean", "Indian fig"],
    "J": ["Jujube", "Jackfruit", "Jambolan"],
    "K": ["Kiwi", "Kumquat", "Key lime"],
    "L": ["Lemon", "Lime", "Lychee"],
    "M": ["Mango", "Melon", "Mandarin"],
    "N": ["Nectarine", "Nut (General)", "Noni"],
    "O": ["Orange", "Olive", "Oplopanax"],
    "P": ["Peach", "Pear", "Pineapple"],
    "Q": ["Quince", "Quararibea", "Queen Anne's Pocket Melon"],
    "R": ["Raspberry", "Rambutan", "Redcurrant"],
    "S": ["Strawberry", "Satsuma", "Star fruit"],
    "T": ["Tangerine", "Tomato", "Tamarind"],
    "U": ["Ugni", "Ugli fruit", "Umbu"],
    "V": ["Vanilla bean", "Velvet Tamarind", "Voavanga"],
    "W": ["Watermelon", "Walnut", "White currant"],
    "X": ["Ximenia", "Xanthium", "Xylopia"],
    "Y": ["Yuzu", "Yellow passion fruit", "Yangmei"],
    "Z": ["Ziziphus", "Zante Currant", "Zigzag Vine Fruit"]
  },
  "Color": {
    "A": ["Aqua", "Azure", "Amber"],
    "B": ["Blue", "Black", "Brown"],
    "C": ["Cyan", "Crimson", "Coral"],
    "D": ["Dark green", "Denim", "Dark red"],
    "E": ["Emerald", "Ecru", "Ebony"],
    "F": ["Fuchsia", "Forest green", "Firebrick"],
    "G": ["Green", "Grey", "Gold"],
    "H": ["Hunter green", "Heliotrope", "Hot pink"],
    "I": ["Indigo", "Ice blue", "Ivory"],
    "J": ["Jade", "Jet", "Jasmine"],
    "K": ["Khaki", "Kelly green", "Kobe"],
    "L": ["Lavender", "Lime", "Lemon"],
    "M": ["Magenta", "Maroon", "Mauve"],
    "N": ["Navy", "Neon green", "Nickel"],
    "O": ["Orange", "Olive", "Ochre"],
    "P": ["Purple", "Pink", "Platinum"],
    "Q": ["Quartz", "Quinacridone", "Quagmire"],
    "R": ["Red", "Rose", "Ruby"],
    "S": ["Silver", "Salmon", "Sapphire"],
    "T": ["Teal", "Turquoise", "Taupe"],
    "U": ["Ultramarine", "Umber", "Unbleached silk"],
    "V": ["Violet", "Vermilion", "Viridian"],
    "W": ["White", "Wine", "Wheat"],
    "X": ["Xanthic", "Xanadu", "Xmas (Red/Green)"],
    "Y": ["Yellow", "Yolk", "Yam"],
    "Z": ["Zaffre", "Zinnia", "Zomp"]
  },
  "Object": {
    "A": ["Alarm clock", "Anchor", "Ashtray"],
    "B": ["Book", "Box", "Basket"],
    "C": ["Chair", "Clock", "Camera"],
    "D": ["Desk", "Dice", "Door"],
    "E": ["Envelope", "Eraser", "Engine"],
    "F": ["Fork", "Fan", "Frame"],
    "G": ["Globe", "Glasses", "Guitar"],
    "H": ["Hammer", "Hat", "Helmet"],
    "I": ["Iron", "Inhaler", "Ice cube"],
    "J": ["Jacket", "Jar", "Jewel"],
    "K": ["Key", "Kettle", "Knife"],
    "L": ["Lamp", "Locker", "Laptop"],
    "M": ["Mug", "Mirror", "Microphone"],
    "N": ["Nail", "Napkin", "Notebook"],
    "O": ["Oven", "Organizer", "Outlet"],
    "P": ["Pen", "Pillow", "Plate"],
    "Q": ["Quilt", "Quill", "Quarter (coin)"],
    "R": ["Radio", "Ring", "Ruler"],
    "S": ["Sofa", "Shoe", "Scissors"],
    "T": ["Table", "Telephone", "Towel"],
    "U": ["Umbrella", "Uniform", "USB drive"],
    "V": ["Vase", "Vacuum", "Vest"],
    "W": ["Watch", "Wallet", "Wheel"],
    "X": ["X-ray machine", "Xylophone", "Xerus (object shaped like)"],
    "Y": ["Yacht (model)", "Yarn", "Yoyo"],
    "Z": ["Zipper", "Zither", "Zodiac sign (object)"]
  }
}